{"cameraMode":{"drawMode":0,"name":"Shaded","section":"Shading Mode"},"sceneLighting":true,"audioPlay":false,"sceneViewState":{"m_AlwaysRefresh":false,"showFog":true,"showSkybox":true,"showFlares":true,"showImageEffects":true,"showParticleSystems":true,"showVisualEffectGraphs":true,"m_FxEnabled":true},"in2DMode":false,"pivot":{"x":-14.049599647521973,"y":2.3930506706237795,"z":-11.364280700683594},"rotation":{"x":0.26520583033561709,"y":0.11249111592769623,"z":-0.03117019310593605,"w":0.9571061730384827},"size":6.8178253173828129,"orthographic":false}