{"cameraMode":{"drawMode":0,"name":"Shaded","section":"Shading Mode"},"sceneLighting":true,"audioPlay":false,"sceneViewState":{"m_AlwaysRefresh":false,"showFog":true,"showSkybox":true,"showFlares":true,"showImageEffects":true,"showParticleSystems":true,"showVisualEffectGraphs":true,"m_FxEnabled":true},"in2DMode":false,"pivot":{"x":2176.35009765625,"y":1238.3692626953125,"z":26.52823257446289},"rotation":{"x":0.01081200409680605,"y":-0.9305463433265686,"z":0.3650093674659729,"w":0.027615828439593316},"size":58.163639068603519,"orthographic":false}