{"cameraMode":{"drawMode":0,"name":"Shaded","section":"Shading Mode"},"sceneLighting":false,"audioPlay":false,"sceneViewState":{"m_AlwaysRefresh":false,"showFog":true,"showSkybox":false,"showFlares":true,"showImageEffects":true,"showParticleSystems":true,"showVisualEffectGraphs":true,"m_FxEnabled":true},"in2DMode":false,"pivot":{"x":-24.751731872558595,"y":11.387478828430176,"z":54.51776885986328},"rotation":{"x":-0.5069661140441895,"y":-0.05471399053931236,"z":0.032152388244867328,"w":-0.8596940040588379},"size":3.3231117725372316,"orthographic":false}